locus	model	created_at	n	field	statement	verdict	note
Soil_1_13	nvidia/nemotron-3-ultra-550b-a55b	2026-10-01T13:24:40Z	1	summary	Three tools (antiSMASH, DeepBGC, GECCO) converge on a ~57 kb NRPS locus (contig_1:1.33–1.39 Mb) with two large NRPS subunits (CJLEIP_01147, CJLEIP_01149) and a C-terminal thioesterase (CJLEIP_01154).	partly incorrect or overstated	stand-alone thioesterase gene (CJLEIP_01154), not a C-terminal domain
Soil_1_13	nvidia/nemotron-3-ultra-550b-a55b	2026-10-01T13:24:40Z	2	summary	KnownClusterBlast returns a 100 % empirical score against the cyclofaulknamycin BGC (BGC0002358.3), but only 2 of the matched genes are core NRPS genes; the remaining 22 matched genes are likely peripheral or housekeeping genes shared with the reference cluster.	partly incorrect or overstated	score, 24 matched and 2 core genes correct; 'remaining 22 likely peripheral or housekeeping' unsupported: matched genes are genes of the reference cluster
Soil_1_13	nvidia/nemotron-3-ultra-550b-a55b	2026-10-01T13:24:40Z	3	summary	ARTS flags three DUF hits (CJLEIP_01137, CJLEIP_01156, CJLEIP_01158) but no known resistance determinants.	supported by the evidence	
Soil_1_13	nvidia/nemotron-3-ultra-550b-a55b	2026-10-01T13:24:40Z	4	summary	The region is gene-dense (36 genes) and flanked by urea/sugar ABC transporters and a transposase, suggesting a composite genomic island.	partly incorrect or overstated	36 genes and upstream urea/sugar transporters correct; the transposase (CJLEIP_01159) lies inside the locus, not at its flank; 'composite genomic island' unsupported
Soil_1_13	nvidia/nemotron-3-ultra-550b-a55b	2026-10-01T13:24:40Z	5	likely_product_or_function	Non-ribosomal peptide (NRP) with high architectural similarity to cyclofaulknamycin-type cyclic peptides; exact ring topology, tailoring pattern, and bioactivity remain unresolved.	supported by the evidence	
Soil_1_13	nvidia/nemotron-3-ultra-550b-a55b	2026-10-01T13:24:40Z	6	likely_product_or_function	Alternative: a distinct NRP scaffold that shares only the two-module NRPS core with cyclofaulknamycin.	hypothesis, stated as such	
Soil_1_13	nvidia/nemotron-3-ultra-550b-a55b	2026-10-01T13:24:40Z	7	biosynthetic_logic	1) Two iterative or sequential NRPS modules (CJLEIP_01147, CJLEIP_01149), each harbouring C-A-PCP domains, activate and condense two amino-acid substrates (substrate specificity unknown; no Stachelhaus code extracted).	unsupported or incorrect	C-A-PCP domains are in the evidence, but the two genes are 10.2 kb and 12.5 kb, several modules each; 'two modules / two amino acids' is wrong
Soil_1_13	nvidia/nemotron-3-ultra-550b-a55b	2026-10-01T13:24:40Z	8	biosynthetic_logic	2) MbtH-like protein CJLEIP_01148 may chaperone adenylation domains.	hypothesis, stated as such	
Soil_1_13	nvidia/nemotron-3-ultra-550b-a55b	2026-10-01T13:24:40Z	9	biosynthetic_logic	3) Terminal thioesterase CJLEIP_01154 likely releases and cyclizes the dipeptide.	partly incorrect or overstated	release by the thioesterase is a fair hypothesis; 'dipeptide' follows from the wrong module count
Soil_1_13	nvidia/nemotron-3-ultra-550b-a55b	2026-10-01T13:24:40Z	10	biosynthetic_logic	4) Tailoring enzymes encoded in-cluster: cytochrome P450 (CJLEIP_01152), GT1-family glycosyltransferase (CJLEIP_01139), FkbM-like methyltransferase (CJLEIP_01138), and a class A β-lactamase-fold hydrolase (CJLEIP_01146) could modify the peptide backbone or side chains.	hypothesis, stated as such	genes and annotations as in the evidence; roles proposed
Soil_1_13	nvidia/nemotron-3-ultra-550b-a55b	2026-10-01T13:24:40Z	11	biosynthetic_logic	5) Clavaminate-synthase-like oxygenase (CJLEIP_01150) may install hydroxyl groups.	hypothesis, stated as such	
Soil_1_13	nvidia/nemotron-3-ultra-550b-a55b	2026-10-01T13:24:40Z	12	biosynthetic_logic	Unobserved required steps: substrate prediction for A-domains, order of tailoring events, and final cyclization chemistry.	supported by the evidence	
Soil_1_13	nvidia/nemotron-3-ultra-550b-a55b	2026-10-01T13:24:40Z	13	resistance_transport_regulation	Observed: two-component systems (CJLEIP_01140/CJLEIP_01141, CJLEIP_01144/CJLEIP_01145), ArsR-type repressor (CJLEIP_01153), ABC transporter pair CJLEIP_01142/01143 (annotated as antimicrobial peptide transport), MFS transporter CJLEIP_01151, cation efflux CJLEIP_01157, and three ARTS DUF hits (CJLEIP_01137 GT87, CJLEIP_01156/01158 DUF2075).	supported by the evidence	
Soil_1_13	nvidia/nemotron-3-ultra-550b-a55b	2026-10-01T13:24:40Z	14	resistance_transport_regulation	Proposed roles: CJLEIP_01142/01143 may export the NRP; two-component systems may sense product or environmental cues; ArsR may regulate stress response.	hypothesis, stated as such	
Soil_1_13	nvidia/nemotron-3-ultra-550b-a55b	2026-10-01T13:24:40Z	15	resistance_transport_regulation	No experimentally validated self-resistance gene identified; ARTS DUF hits are uncharacterized.	supported by the evidence	
Soil_1_13	nvidia/nemotron-3-ultra-550b-a55b	2026-10-01T13:24:40Z	16	key_genes	CJLEIP_01147 (NRPS module 1: C-A-PCP): initiates peptide assembly; supported by antiSMASH/DeepBGC/GECCO core calls and PF00501+PF00550+PF00668 domains	partly incorrect or overstated	tool and domain support correct; 'module 1' assumes the wrong two-module architecture
Soil_1_13	nvidia/nemotron-3-ultra-550b-a55b	2026-10-01T13:24:40Z	17	key_genes	CJLEIP_01149 (NRPS module 2: C-A-PCP): extends peptide chain; identical tool/domain support as CJLEIP_01147	partly incorrect or overstated	as 16
Soil_1_13	nvidia/nemotron-3-ultra-550b-a55b	2026-10-01T13:24:40Z	18	key_genes	CJLEIP_01154 (thioesterase, PF00975): putative cyclization/release; core gene in all three tools	unsupported or incorrect	antiSMASH does not list CJLEIP_01154 as a core gene; only DeepBGC and GECCO do
Soil_1_13	nvidia/nemotron-3-ultra-550b-a55b	2026-10-01T13:24:40Z	19	key_genes	CJLEIP_01148 (MbtH-like): probable A-domain chaperone; co-localized between the two NRPS genes	supported by the evidence	
Soil_1_13	nvidia/nemotron-3-ultra-550b-a55b	2026-10-01T13:24:40Z	20	key_genes	CJLEIP_01152 (cytochrome P450): oxidative tailoring; pfam p450	supported by the evidence	
Soil_1_13	nvidia/nemotron-3-ultra-550b-a55b	2026-10-01T13:24:40Z	21	key_genes	CJLEIP_01139 (GT1 glycosyltransferase, dbCAN GT4_e7003): sugar decoration	supported by the evidence	
Soil_1_13	nvidia/nemotron-3-ultra-550b-a55b	2026-10-01T13:24:40Z	22	key_genes	CJLEIP_01138 (FkbM-like methyltransferase, ARTS DUF hit): N- or O-methylation	supported by the evidence	ARTS DUF hit attributed to this gene by a 4 bp overlap with the hit on CJLEIP_01137
Soil_1_13	nvidia/nemotron-3-ultra-550b-a55b	2026-10-01T13:24:40Z	23	key_genes	CJLEIP_01146 (class A β-lactamase-fold hydrolase): possible hydrolysis/editing side reaction	hypothesis, stated as such	
Soil_1_13	nvidia/nemotron-3-ultra-550b-a55b	2026-10-01T13:24:40Z	24	key_genes	CJLEIP_01150 (clavaminate-synthase-like oxygenase): hydroxylation	hypothesis, stated as such	
Soil_1_13	nvidia/nemotron-3-ultra-550b-a55b	2026-10-01T13:24:40Z	25	key_genes	CJLEIP_01142/CJLEIP_01143 (ABC transporter permease/ATPase, FtsX-like): candidate NRP export	hypothesis, stated as such	annotation as in the evidence; export role proposed
Soil_1_13	nvidia/nemotron-3-ultra-550b-a55b	2026-10-01T13:24:40Z	26	recommended_followup	Extract A-domain Stachelhaus codes from CJLEIP_01147 and CJLEIP_01149 to predict amino-acid substrates and discriminate cyclofaulknamycin-like vs. novel scaffold.	recommendation	
Soil_1_13	nvidia/nemotron-3-ultra-550b-a55b	2026-10-01T13:24:40Z	27	recommended_followup	Heterologous expression of the minimal NRPS cassette (CJLEIP_01147–01149–01154 ± CJLEIP_01148) in a tractable host to detect core peptide product by LC-MS/MS.	recommendation	
Soil_1_13	nvidia/nemotron-3-ultra-550b-a55b	2026-10-01T13:24:40Z	28	recommended_followup	Targeted deletion of CJLEIP_01142/01143 (ABC transporter) in the native strain to test for self-resistance/export phenotype and intracellular product accumulation.	recommendation	
Soil_1_15	nvidia/nemotron-3-ultra-550b-a55b	2026-10-01T13:25:40Z	1	summary	The 21.2 kb region on contig_1 (1729580–1750790) is supported by antiSMASH, GECCO, and DeepBGC.	supported by the evidence	
Soil_1_15	nvidia/nemotron-3-ultra-550b-a55b	2026-10-01T13:25:40Z	2	summary	antiSMASH classifies it as a terpene BGC with a single core gene, CJLEIP_01467 (geoA), annotated as a terpene synthase (T1TS).	supported by the evidence	
Soil_1_15	nvidia/nemotron-3-ultra-550b-a55b	2026-10-01T13:25:40Z	3	summary	KnownClusterBlast matches this core gene to the geosmin BGC (BGC0001181.4) with a 100% empirical score and 1.0 core-gene hit, indicating the core enzyme is identical to the characterized geosmin synthase.	partly incorrect or overstated	100 % score and core-gene hit correct; 'identical enzyme' overstates what a KnownClusterBlast score shows
Soil_1_15	nvidia/nemotron-3-ultra-550b-a55b	2026-10-01T13:25:40Z	4	summary	However, the canonical geosmin cluster contains two additional genes (germacradienol/germacrene D synthase and a cytochrome P450) that are absent here.	unsupported or incorrect	incorrect: geosmin is made by one bifunctional synthase, and MIBiG BGC0001181 is a single-gene entry; contradicts statement 9
Soil_1_15	nvidia/nemotron-3-ultra-550b-a55b	2026-10-01T13:25:40Z	5	summary	The region is gene-dense (41 genes) but dominated by housekeeping, regulatory, and resistance-like genes (10 resistance, 5 regulators, 1 transporter, 3 tailoring enzymes) rather than a compact terpene cluster.	supported by the evidence	
Soil_1_15	nvidia/nemotron-3-ultra-550b-a55b	2026-10-01T13:25:40Z	6	summary	DeepBGC predicts antibacterial activity for an overlapping upstream segment (1710877–1730062) that does not include geoA, suggesting a separate or broader signal.	supported by the evidence	
Soil_1_15	nvidia/nemotron-3-ultra-550b-a55b	2026-10-01T13:25:40Z	7	summary	ARTS flags only two DUF397 hits (CJLEIP_01465, CJLEIP_01466) and one known hit (acetyl-CoA carboxylase subunit, CJLEIP_01447), none of which are terpene-specific resistance markers.	supported by the evidence	the known hit (CJLEIP_01447) lies in the gene-map window, outside the agreed span
Soil_1_15	nvidia/nemotron-3-ultra-550b-a55b	2026-10-01T13:25:40Z	8	likely_product_or_function	Geosmin (trans-1,10-dimethyl-trans-9-decalol) is the most specific product supported by the 100% KnownClusterBlast match of the core terpene synthase (geoA/CJLEIP_01467) to the geosmin BGC.	supported by the evidence	
Soil_1_15	nvidia/nemotron-3-ultra-550b-a55b	2026-10-01T13:25:40Z	9	likely_product_or_function	Alternative: a related sesquiterpene hydrocarbon or alcohol if geoA acts without the missing cyclase/P450 partners; however, geoA is a bifunctional synthase that alone produces geosmin in Streptomyces coelicolor, making geosmin the strongest inference.	partly incorrect or overstated	second half correct; first half rests on the incorrect statement 4
Soil_1_15	nvidia/nemotron-3-ultra-550b-a55b	2026-10-01T13:25:40Z	10	likely_product_or_function	The antibacterial prediction by DeepBGC is not linked to geoA and remains an uncorrelated observation.	supported by the evidence	
Soil_1_15	nvidia/nemotron-3-ultra-550b-a55b	2026-10-01T13:25:40Z	11	biosynthetic_logic	1) Primary metabolism supplies FPP (C15) via the MEP/MEV pathway (no pathway genes in cluster).	correct background knowledge, not in the evidence	
Soil_1_15	nvidia/nemotron-3-ultra-550b-a55b	2026-10-01T13:25:40Z	12	biosynthetic_logic	2) CJLEIP_01467 (geoA, terpene synthase, T1TS) converts FPP directly to geosmin via germacradienol intermediate (bifunctional cyclization/hydration; EC 4.2.3.22, 4.2.3.75).	correct background knowledge, not in the evidence	germacradienol intermediate is background knowledge; EC numbers are in the evidence
Soil_1_15	nvidia/nemotron-3-ultra-550b-a55b	2026-10-01T13:25:40Z	13	biosynthetic_logic	3) No dedicated tailoring enzymes (e.g., P450, dehydrogenase) are present in the antiSMASH/GECCO boundaries; the three annotated tailoring enzymes (CJLEIP_01462 SDR, CJLEIP_01472 ureC, CJLEIP_01474 ilvE) are metabolic and not linked to terpene modification.	supported by the evidence	
Soil_1_15	nvidia/nemotron-3-ultra-550b-a55b	2026-10-01T13:25:40Z	14	biosynthetic_logic	4) Export: CJLEIP_01470 (MFS dicarboxylate transporter) is the only transporter; no evidence it exports geosmin.	supported by the evidence	
Soil_1_15	nvidia/nemotron-3-ultra-550b-a55b	2026-10-01T13:25:40Z	15	biosynthetic_logic	5) Unobserved required steps: FPP supply, possible redox balancing for the hydration step, and volatile diffusion/export mechanism.	hypothesis, stated as such	
Soil_1_15	nvidia/nemotron-3-ultra-550b-a55b	2026-10-01T13:25:40Z	16	resistance_transport_regulation	Observed annotations: 10 genes in 'resistance' category (mostly housekeeping: gltX, mmdA, srp102, DUF742, DUF397, XRE regulator); 5 regulators (histidine kinases CJLEIP_01438/01442, MerR CJLEIP_01458, TetR CJLEIP_01461, HATPase_c CJLEIP_01463); 1 transporter (MFS CJLEIP_01470).	supported by the evidence	
Soil_1_15	nvidia/nemotron-3-ultra-550b-a55b	2026-10-01T13:25:40Z	17	resistance_transport_regulation	Proposed roles: none of the resistance genes are terpene-specific; ARTS hits are DUF397 (unknown) and acetyl-CoA carboxylase (primary metabolism).	supported by the evidence	
Soil_1_15	nvidia/nemotron-3-ultra-550b-a55b	2026-10-01T13:25:40Z	18	resistance_transport_regulation	The MerR/TipA regulator (CJLEIP_01458) may confer thiol/antibiotic stress response but is not linked to geosmin.	hypothesis, stated as such	
Soil_1_15	nvidia/nemotron-3-ultra-550b-a55b	2026-10-01T13:25:40Z	19	resistance_transport_regulation	The MFS transporter (CJLEIP_01470) has no evidence for geosmin export.	supported by the evidence	
Soil_1_15	nvidia/nemotron-3-ultra-550b-a55b	2026-10-01T13:25:40Z	20	resistance_transport_regulation	No dedicated self-resistance mechanism for geosmin is observed.	supported by the evidence	
Soil_1_15	nvidia/nemotron-3-ultra-550b-a55b	2026-10-01T13:25:40Z	21	key_genes	CJLEIP_01467 (geoA, terpene synthase, T1TS): core biosynthetic enzyme producing geosmin from FPP; antiSMASH core gene, 100% KnownClusterBlast match to BGC0001181.4 geosmin synthase	supported by the evidence	
Soil_1_15	nvidia/nemotron-3-ultra-550b-a55b	2026-10-01T13:25:40Z	22	key_genes	CJLEIP_01470 (MFS dicarboxylate transporter): sole transporter in region; possible export role but substrate unknown; pfam Sugar_tr	supported by the evidence	
Soil_1_15	nvidia/nemotron-3-ultra-550b-a55b	2026-10-01T13:25:40Z	23	key_genes	CJLEIP_01462 (short-chain dehydrogenase/reductase): tailoring_enzyme category; generic SDR (adh_short), no terpene-specific annotation	supported by the evidence	
Soil_1_15	nvidia/nemotron-3-ultra-550b-a55b	2026-10-01T13:25:40Z	24	key_genes	CJLEIP_01458 (merR/tipA, MerR-family regulator): regulator; may respond to thiol stress or antibiotics, not terpene-specific	supported by the evidence	
Soil_1_15	nvidia/nemotron-3-ultra-550b-a55b	2026-10-01T13:25:40Z	25	key_genes	CJLEIP_01461 (tetR, TetR-family regulator): regulator; generic transcriptional repression	supported by the evidence	
Soil_1_15	nvidia/nemotron-3-ultra-550b-a55b	2026-10-01T13:25:40Z	26	key_genes	CJLEIP_01465 & CJLEIP_01466 (DUF397 proteins): ARTS duf_hits; unknown function, no established resistance role	supported by the evidence	
Soil_1_15	nvidia/nemotron-3-ultra-550b-a55b	2026-10-01T13:25:40Z	27	key_genes	CJLEIP_01447 (mmdA, acetyl-CoA carboxylase carboxyltransferase): ARTS known_hit; primary metabolism, not terpene resistance	supported by the evidence	
Soil_1_15	nvidia/nemotron-3-ultra-550b-a55b	2026-10-01T13:25:40Z	28	recommended_followup	Heterologous expression of CJLEIP_01467 alone in a suitable host (e.g., S. coelicolor, E. coli with FPP supply) to confirm geosmin production by GC-MS; resolves whether the solo synthase is sufficient without the missing cyclase/P450 genes.	recommendation	
Soil_1_15	nvidia/nemotron-3-ultra-550b-a55b	2026-10-01T13:25:40Z	29	recommended_followup	Transcriptomics or qRT-PCR of the region under geosmin-inducing conditions (e.g., sporulation, nutrient limitation) to determine if CJLEIP_01467 is co-expressed with neighboring genes or stands alone; resolves whether the large gene set is a single transcriptional unit or a genomic island.	recommendation	
Soil_1_15	nvidia/nemotron-3-ultra-550b-a55b	2026-10-01T13:25:40Z	30	recommended_followup	Volatile profiling (SPME-GC-MS) of the native strain to detect geosmin and related sesquiterpenes; confirms in vivo product and checks for additional terpenoids that might explain the antibacterial DeepBGC signal.	recommendation	
Soil_1_10	nvidia/nemotron-3-ultra-550b-a55b	2026-10-01T13:27:56Z	1	summary	The 49.4 kb region (contig_1:936108-985530) is predicted only by deepBGC (single-tool support) and contains two AMP-binding enzymes (CJLEIP_00811, CJLEIP_00812) as core biosynthetic genes.	supported by the evidence	
Soil_1_10	nvidia/nemotron-3-ultra-550b-a55b	2026-10-01T13:27:56Z	2	summary	The dominant functional signature is a complete purine/urate catabolic pathway: urate hydroxylase (CJLEIP_00801), hydroxyisourate hydrolase (CJLEIP_00802), OHCU decarboxylase (CJLEIP_00803), xanthine dehydrogenase subunits (CJLEIP_00823-00827), and associated permeases (CJLEIP_00799, CJLEIP_00824).	partly incorrect or overstated	genes correct; the pathway stops at allantoin (no allantoinase or allantoicase in the locus), so not 'complete'
Soil_1_10	nvidia/nemotron-3-ultra-550b-a55b	2026-10-01T13:27:56Z	3	summary	Additional features include a chitosanase (CJLEIP_00797, GH46_e36), catalase (CJLEIP_00808), multiple regulators (LuxR, TetR, GntR, PucR, sigma factor, PP2C), and two ARTS DUF hits (CJLEIP_00798 DUF4440, CJLEIP_00833 DUF2637).	supported by the evidence	
Soil_1_10	nvidia/nemotron-3-ultra-550b-a55b	2026-10-01T13:27:56Z	4	summary	No MIBiG matches were reported.	supported by the evidence	
Soil_1_10	nvidia/nemotron-3-ultra-550b-a55b	2026-10-01T13:27:56Z	5	summary	The region resembles a metabolic island for purine degradation with accessory stress-response genes rather than a canonical secondary-metabolite BGC.	hypothesis, stated as such	
Soil_1_10	nvidia/nemotron-3-ultra-550b-a55b	2026-10-01T13:27:56Z	6	likely_product_or_function	Primary metabolic pathway for purine/urate catabolism (allantoin pathway) with associated oxidative-stress defense (catalase) and fungal cell-wall degradation (chitosanase).	hypothesis, stated as such	
Soil_1_10	nvidia/nemotron-3-ultra-550b-a55b	2026-10-01T13:27:56Z	7	likely_product_or_function	The two AMP-binding enzymes (CJLEIP_00811, CJLEIP_00812) could activate carboxylic acid substrates for a secondary metabolite, but no downstream PKS/NRPS or tailoring enzymes typical of specialized metabolism are present.	hypothesis, stated as such	
Soil_1_10	nvidia/nemotron-3-ultra-550b-a55b	2026-10-01T13:27:56Z	8	likely_product_or_function	Alternative: a hybrid locus where the AMP-binding enzymes supply activated precursors for an as-yet-uncharacterized product; however, the overwhelming catabolic gene content makes a primary metabolic function the best-supported interpretation.	hypothesis, stated as such	
Soil_1_10	nvidia/nemotron-3-ultra-550b-a55b	2026-10-01T13:27:56Z	9	biosynthetic_logic	Observed catabolic route: (1) Urate → 5-hydroxyisourate via urate hydroxylase (CJLEIP_00801, EC 1.7.3.3).	supported by the evidence	
Soil_1_10	nvidia/nemotron-3-ultra-550b-a55b	2026-10-01T13:27:56Z	10	biosynthetic_logic	(2) 5-hydroxyisourate → 2-oxo-4-hydroxy-4-carboxy-5-ureidoimidazoline (OHCU) via hydroxyisourate hydrolase (CJLEIP_00802, EC 3.5.2.17).	supported by the evidence	
Soil_1_10	nvidia/nemotron-3-ultra-550b-a55b	2026-10-01T13:27:56Z	11	biosynthetic_logic	(3) OHCU → allantoin via OHCU decarboxylase (CJLEIP_00803, EC 4.1.1.97).	supported by the evidence	
Soil_1_10	nvidia/nemotron-3-ultra-550b-a55b	2026-10-01T13:27:56Z	12	biosynthetic_logic	(4) Xanthine → urate via xanthine dehydrogenase complex (CJLEIP_00823-00827, EC 1.2.5.3/1.17.1.4).	partly incorrect or overstated	CJLEIP_00823 is a maturation factor, not a subunit; EC 1.17.1.4 is not in the evidence
Soil_1_10	nvidia/nemotron-3-ultra-550b-a55b	2026-10-01T13:27:56Z	13	biosynthetic_logic	(5) Purine/base uptake via xanthine/uracil permeases (CJLEIP_00799, CJLEIP_00824).	supported by the evidence	
Soil_1_10	nvidia/nemotron-3-ultra-550b-a55b	2026-10-01T13:27:56Z	14	biosynthetic_logic	The AMP-binding enzymes (CJLEIP_00811, CJLEIP_00812) lack partner condensation or tailoring domains; their substrates and products are unobserved.	supported by the evidence	
Soil_1_10	nvidia/nemotron-3-ultra-550b-a55b	2026-10-01T13:27:56Z	15	biosynthetic_logic	Chitosanase (CJLEIP_00797) and catalase (CJLEIP_00808) provide independent stress-defense functions.	hypothesis, stated as such	
Soil_1_10	nvidia/nemotron-3-ultra-550b-a55b	2026-10-01T13:27:56Z	16	biosynthetic_logic	Required steps for any secondary metabolite (chain extension, cyclization, release) are not observed.	supported by the evidence	
Soil_1_10	nvidia/nemotron-3-ultra-550b-a55b	2026-10-01T13:27:56Z	17	resistance_transport_regulation	Observed: two ARTS DUF hits (CJLEIP_00798 DUF4440, CJLEIP_00833 DUF2637) — proposed roles as self-resistance proteins are unsupported by functional data; two xanthine/uracil permeases (CJLEIP_00799, CJLEIP_00824) — transport purine bases, not a secondary metabolite; six regulators (LuxR, two TetR, GntR, PucR, sigma factor, PP2C) — likely control catabolic operon expression and stress responses.	partly incorrect or overstated	'six regulators' but seven are listed (nine genes in the regulator category)
Soil_1_10	nvidia/nemotron-3-ultra-550b-a55b	2026-10-01T13:27:56Z	18	resistance_transport_regulation	No dedicated efflux pump or resistance gene for a specialized metabolite is identified.	supported by the evidence	
Soil_1_10	nvidia/nemotron-3-ultra-550b-a55b	2026-10-01T13:27:56Z	19	key_genes	CJLEIP_00811 (AMP-binding enzyme, FadD5-like): proposed acyl-CoA synthetase for unknown acid substrate; deepBGC core gene, PF00501	supported by the evidence	
Soil_1_10	nvidia/nemotron-3-ultra-550b-a55b	2026-10-01T13:27:56Z	20	key_genes	CJLEIP_00812 (AMP-binding enzyme): second acyl-CoA synthetase; deepBGC core gene, PF00501	supported by the evidence	
Soil_1_10	nvidia/nemotron-3-ultra-550b-a55b	2026-10-01T13:27:56Z	21	key_genes	CJLEIP_00801 (urate hydroxylase, PucL/Uox): urate → 5-hydroxyisourate; EC 1.7.3.3, KO K00365	supported by the evidence	
Soil_1_10	nvidia/nemotron-3-ultra-550b-a55b	2026-10-01T13:27:56Z	22	key_genes	CJLEIP_00802 (hydroxyisourate hydrolase, UraH): 5-hydroxyisourate → OHCU; EC 3.5.2.17, KO K07127	supported by the evidence	
Soil_1_10	nvidia/nemotron-3-ultra-550b-a55b	2026-10-01T13:27:56Z	23	key_genes	CJLEIP_00803 (OHCU decarboxylase, UraD): OHCU → allantoin; EC 4.1.1.97, KO K16840	supported by the evidence	
Soil_1_10	nvidia/nemotron-3-ultra-550b-a55b	2026-10-01T13:27:56Z	24	key_genes	CJLEIP_00825-00827 (xanthine dehydrogenase subunits D, S, M): xanthine → urate; EC 1.2.5.3, KO K03518/K00156	supported by the evidence	
Soil_1_10	nvidia/nemotron-3-ultra-550b-a55b	2026-10-01T13:27:56Z	25	key_genes	CJLEIP_00823 (XdhC/CoxF maturation factor): xanthine dehydrogenase assembly; KO K07402	supported by the evidence	
Soil_1_10	nvidia/nemotron-3-ultra-550b-a55b	2026-10-01T13:27:56Z	26	key_genes	CJLEIP_00799 & CJLEIP_00824 (xanthine/uracil permeases): purine/base transport; PF Xan_ur_permease	supported by the evidence	
Soil_1_10	nvidia/nemotron-3-ultra-550b-a55b	2026-10-01T13:27:56Z	27	key_genes	CJLEIP_00797 (chitosanase, GH46_e36): fungal chitosan degradation; dbCAN GH46_e36	supported by the evidence	
Soil_1_10	nvidia/nemotron-3-ultra-550b-a55b	2026-10-01T13:27:56Z	28	key_genes	CJLEIP_00808 (catalase, KatA): H2O2 detoxification; EC 1.11.1.6, KO K03781	supported by the evidence	
Soil_1_10	nvidia/nemotron-3-ultra-550b-a55b	2026-10-01T13:27:56Z	29	key_genes	CJLEIP_00798 (SgcJ/EcaC family, DUF4440): ARTS DUF hit; possible self-resistance	hypothesis, stated as such	
Soil_1_10	nvidia/nemotron-3-ultra-550b-a55b	2026-10-01T13:27:56Z	30	key_genes	CJLEIP_00833 (DUF2637): ARTS DUF hit; possible self-resistance	hypothesis, stated as such	
Soil_1_10	nvidia/nemotron-3-ultra-550b-a55b	2026-10-01T13:27:56Z	31	key_genes	CJLEIP_00813 (LuxR), CJLEIP_00815 (TetR), CJLEIP_00831 (GntR), CJLEIP_00828 (PucR), CJLEIP_00817 (sigma factor), CJLEIP_00838 (PP2C): transcriptional/post-translational regulators	supported by the evidence	
Soil_1_10	nvidia/nemotron-3-ultra-550b-a55b	2026-10-01T13:27:56Z	32	recommended_followup	Compare the AMP-binding enzyme sequences (CJLEIP_00811, CJLEIP_00812) against characterized FadD/FadK subfamilies to predict substrate specificity (resolves whether they activate a secondary-metabolite precursor).	recommendation	
Soil_1_10	nvidia/nemotron-3-ultra-550b-a55b	2026-10-01T13:27:56Z	33	recommended_followup	Check genomic context outside the 49 kb window for adjacent PKS/NRPS genes or tailoring enzymes that deepBGC may have truncated (resolves completeness of the locus).	recommendation	
Soil_1_10	nvidia/nemotron-3-ultra-550b-a55b	2026-10-01T13:27:56Z	34	recommended_followup	Assay growth on purines/urate vs. chitosan as sole carbon/nitrogen sources to confirm catabolic function (resolves physiological role of the dominant pathway).	recommendation	
